{"dota/mAP": 0.6661957502365112, "dota/AP50": 0.666, "data_time": 0.0005665989362591703, "time": 0.40588423529705864}